,state,colonies_number,yield_per_colony,production,average_price,year
0,Alabama,16000,58,928000,62.0,1995
1,Arizona,52000,79,4108000,68.0,1995
2,Arkansas,50000,60,3000000,64.0,1995
3,California,420000,93,39060000,60.0,1995
4,Colorado,45000,60,2700000,68.0,1995
5,Florida,230000,86,19780000,63.0,1995
6,Georgia,70000,62,4340000,69.0,1995
7,Hawaii,8000,129,1032000,55.0,1995
8,Idaho,125000,48,6000000,65.0,1995
9,Illinois,11000,74,814000,102.0,1995
10,Indiana,12000,63,756000,68.0,1995
11,Iowa,50000,68,3400000,72.0,1995
12,Kansas,17000,67,1139000,71.0,1995
13,Kentucky,3000,44,132000,103.0,1995
14,Louisiana,33000,119,3927000,61.0,1995
15,Maine,11000,45,495000,100.0,1995
16,Maryland,7000,35,245000,114.0,1995
17,Michigan,97000,92,8924000,72.0,1995
18,Minnesota,165000,82,13530000,66.0,1995
19,Mississippi,16000,70,1120000,64.0,1995
20,Missouri,23000,67,1541000,65.0,1995
21,Montana,106000,80,8480000,66.0,1995
22,Nebraska,60000,73,4380000,68.0,1995
23,Nevada,9000,29,261000,96.0,1995
24,NewJersey,8000,34,272000,71.0,1995
25,NewMexico,19000,65,1235000,68.0,1995
26,NewYork,70000,75,5250000,66.0,1995
27,NorthCarolina,12000,52,624000,81.0,1995
28,NorthDakota,220000,108,23760000,63.0,1995
29,Ohio,25000,62,1550000,72.0,1995
30,Oklahoma,5000,76,380000,91.0,1995
31,Oregon,52000,52,2704000,71.0,1995
32,Pennsylvania,25000,43,1075000,69.0,1995
33,SouthCarolina,9000,90,810000,128.0,1995
34,SouthDakota,240000,85,20400000,65.0,1995
35,Tennessee,4000,53,212000,114.0,1995
36,Texas,84000,106,8904000,64.0,1995
37,Utah,32000,33,1056000,61.0,1995
38,Vermont,5000,67,335000,83.0,1995
39,Virginia,9000,45,405000,55.0,1995
40,Washington,60000,59,3540000,54.0,1995
41,WestVirginia,13000,41,533000,116.0,1995
42,Wisconsin,73000,79,5767000,71.0,1995
43,Wyoming,38000,36,1368000,68.0,1995
44,Alabama,16000,64,1024000,86.0,1996
45,Arizona,32000,60,1920000,84.0,1996
46,Arkansas,40000,84,3360000,87.0,1996
47,California,390000,70,27300000,84.0,1996
48,Colorado,30000,74,2220000,79.0,1996
49,Florida,240000,105,25200000,91.0,1996
50,Georgia,75000,68,5100000,89.0,1996
51,Hawaii,8000,155,1240000,80.0,1996
52,Idaho,110000,45,4950000,90.0,1996
53,Illinois,11000,74,814000,130.0,1996
54,Indiana,9000,75,675000,107.0,1996
55,Iowa,58000,67,3886000,98.0,1996
56,Kansas,16000,51,816000,96.0,1996
57,Kentucky,3000,60,180000,127.0,1996
58,Louisiana,37000,106,3922000,84.0,1996
59,Maine,10000,23,230000,126.0,1996
60,Maryland,7000,32,224000,111.0,1996
61,Michigan,90000,96,8640000,110.0,1996
62,Minnesota,150000,77,11550000,91.0,1996
63,Mississippi,17000,80,1360000,85.0,1996
64,Missouri,22000,74,1628000,92.0,1996
65,Montana,117000,60,7020000,88.0,1996
66,Nebraska,65000,75,4875000,92.0,1996
67,Nevada,14000,61,854000,105.0,1996
68,NewJersey,5000,45,225000,106.0,1996
69,NewMexico,15000,77,1155000,94.0,1996
70,NewYork,68000,80,5440000,88.0,1996
71,NorthCarolina,12000,44,528000,106.0,1996
72,NorthDakota,230000,86,19780000,90.0,1996
73,Ohio,24000,70,1680000,98.0,1996
74,Oklahoma,4000,59,236000,107.0,1996
75,Oregon,55000,59,3245000,92.0,1996
76,Pennsylvania,23000,46,1058000,99.0,1996
77,SouthCarolina,9000,90,810000,113.0,1996
78,SouthDakota,240000,97,23280000,91.0,1996
79,Tennessee,5000,64,320000,137.0,1996
80,Texas,82000,83,6806000,87.0,1996
81,Utah,34000,46,1564000,85.0,1996
82,Vermont,4000,83,332000,108.0,1996
83,Virginia,7000,50,350000,136.0,1996
84,Washington,57000,58,3306000,89.0,1996
85,WestVirginia,10000,59,590000,169.0,1996
86,Wisconsin,69000,78,5382000,83.0,1996
87,Wyoming,40000,73,2920000,91.0,1996
88,Alabama,14000,66,924000,81.0,1997
89,Arizona,32000,80,2560000,72.0,1997
90,Arkansas,40000,95,3800000,70.0,1997
91,California,400000,75,30000000,70.0,1997
92,Colorado,35000,55,1925000,82.0,1997
93,Florida,240000,67,16080000,73.0,1997
94,Georgia,75000,46,3450000,79.0,1997
95,Hawaii,9000,146,1314000,86.0,1997
96,Idaho,120000,64,7680000,72.0,1997
97,Illinois,7000,69,483000,127.0,1997
98,Indiana,8000,71,568000,113.0,1997
99,Iowa,51000,74,3774000,86.0,1997
100,Kansas,17000,71,1207000,81.0,1997
101,Kentucky,3000,60,180000,148.0,1997
102,Louisiana,38000,115,4370000,70.0,1997
103,Maine,8000,19,152000,70.0,1997
104,Maryland,6000,40,240000,159.0,1997
105,Michigan,85000,70,5950000,77.0,1997
106,Minnesota,145000,73,10585000,74.0,1997
107,Mississippi,19000,73,1387000,73.0,1997
108,Missouri,24000,77,1848000,78.0,1997
109,Montana,107000,120,12840000,74.0,1997
110,Nebraska,61000,67,4087000,77.0,1997
111,Nevada,14000,61,854000,114.0,1997
112,NewJersey,8000,49,392000,104.0,1997
113,NewMexico,15000,60,900000,87.0,1997
114,NewYork,72000,60,4320000,85.0,1997
115,NorthCarolina,8000,58,464000,119.0,1997
116,NorthDakota,245000,100,24500000,74.0,1997
117,Ohio,22000,80,1760000,85.0,1997
118,Oklahoma,4000,58,232000,137.0,1997
119,Oregon,47000,53,2491000,79.0,1997
120,Pennsylvania,22000,48,1056000,100.0,1997
121,SouthDakota,240000,65,15600000,74.0,1997
122,Tennessee,6000,62,372000,147.0,1997
123,Texas,94000,106,9964000,75.0,1997
124,Utah,32000,52,1664000,75.0,1997
125,Vermont,5000,63,315000,83.0,1997
126,Virginia,8000,53,424000,145.0,1997
127,Washington,54000,52,2808000,76.0,1997
128,WestVirginia,8000,70,560000,111.0,1997
129,Wisconsin,79000,60,4740000,90.0,1997
130,Wyoming,38000,62,2356000,75.0,1997
131,Alabama,16000,71,1136000,72.0,1998
132,Arizona,55000,60,3300000,64.0,1998
133,Arkansas,53000,65,3445000,59.0,1998
134,California,450000,83,37350000,62.0,1998
135,Colorado,27000,72,1944000,70.0,1998
136,Florida,230000,98,22540000,64.0,1998
137,Georgia,75000,56,4200000,69.0,1998
138,Hawaii,8000,118,944000,75.0,1998
139,Idaho,120000,50,6000000,65.0,1998
140,Illinois,9000,71,639000,119.0,1998
141,Indiana,9000,92,828000,85.0,1998
142,Iowa,50000,78,3900000,70.0,1998
143,Kansas,16000,46,736000,87.0,1998
144,Kentucky,3000,50,150000,140.0,1998
145,Louisiana,41000,111,4551000,59.0,1998
146,Maine,10000,26,260000,69.0,1998
147,Maryland,7000,44,308000,110.0,1998
148,Michigan,80000,85,6800000,66.0,1998
149,Minnesota,140000,79,11060000,65.0,1998
150,Mississippi,18000,86,1548000,58.0,1998
151,Missouri,23000,66,1518000,76.0,1998
152,Montana,115000,122,14030000,64.0,1998
153,Nebraska,64000,70,4480000,86.0,1998
154,Nevada,10000,46,460000,165.0,1998
155,NewJersey,11000,49,539000,76.0,1998
156,NewMexico,14000,55,770000,76.0,1998
157,NewYork,65000,80,5200000,70.0,1998
158,NorthCarolina,8000,59,472000,138.0,1998
159,NorthDakota,230000,128,29440000,63.0,1998
160,Ohio,18000,78,1404000,83.0,1998
161,Oklahoma,4000,51,204000,124.0,1998
162,Oregon,50000,45,2250000,90.0,1998
163,Pennsylvania,23000,66,1518000,80.0,1998
164,SouthDakota,225000,95,21375000,64.0,1998
165,Tennessee,7000,64,448000,132.0,1998
166,Texas,91000,77,7007000,62.0,1998
167,Utah,30000,58,1740000,65.0,1998
168,Vermont,6000,64,384000,107.0,1998
169,Virginia,8000,37,296000,133.0,1998
170,Washington,58000,51,2958000,64.0,1998
171,WestVirginia,6000,55,330000,114.0,1998
172,Wisconsin,89000,91,8099000,72.0,1998
173,Wyoming,46000,60,2760000,68.0,1998
174,Alabama,17000,68,1156000,56.0,1999
175,Arizona,52000,62,3224000,62.0,1999
176,Arkansas,52000,89,4628000,53.0,1999
177,California,505000,60,30300000,53.0,1999
178,Colorado,27000,76,2052000,68.0,1999
179,Florida,228000,102,23256000,53.0,1999
180,Georgia,65000,51,3315000,64.0,1999
181,Hawaii,8000,80,640000,78.0,1999
182,Idaho,120000,48,5760000,59.0,1999
183,Illinois,9000,66,594000,115.0,1999
184,Indiana,10000,81,810000,90.0,1999
185,Iowa,40000,65,2600000,65.0,1999
186,Kansas,13000,67,871000,111.0,1999
187,Kentucky,3000,50,150000,124.0,1999
188,Louisiana,48000,114,5472000,49.0,1999
189,Maine,14000,22,308000,83.0,1999
190,Maryland,6000,46,276000,164.0,1999
191,Michigan,73000,85,6205000,66.0,1999
192,Minnesota,145000,82,11890000,61.0,1999
193,Mississippi,18000,73,1314000,54.0,1999
194,Missouri,24000,65,1560000,68.0,1999
195,Montana,122000,70,8540000,60.0,1999
196,Nebraska,58000,77,4466000,61.0,1999
197,Nevada,9000,45,383000,154.0,1999
198,NewJersey,10000,44,440000,57.0,1999
199,NewMexico,15000,52,780000,77.0,1999
200,NewYork,69000,70,4830000,66.0,1999
201,NorthCarolina,9000,46,414000,162.0,1999
202,NorthDakota,255000,105,26775000,59.0,1999
203,Ohio,20000,74,1480000,72.0,1999
204,Oklahoma,6000,45,270000,134.0,1999
205,Oregon,45000,57,2565000,80.0,1999
206,Pennsylvania,25000,60,1500000,76.0,1999
207,SouthDakota,224000,104,23296000,60.0,1999
208,Tennessee,8000,51,408000,130.0,1999
209,Texas,108000,81,8748000,64.0,1999
210,Utah,26000,45,1170000,68.0,1999
211,Vermont,6000,66,396000,63.0,1999
212,Virginia,7000,35,245000,117.0,1999
213,Washington,52000,50,2600000,60.0,1999
214,WestVirginia,6000,39,234000,109.0,1999
215,Wisconsin,80000,75,6000000,68.0,1999
216,Wyoming,37000,72,2664000,61.0,1999
217,Alabama,16000,78,1248000,59.0,2000
218,Arizona,40000,59,2360000,73.0,2000
219,Arkansas,55000,93,5115000,57.0,2000
220,California,440000,70,30800000,58.0,2000
221,Colorado,29000,60,1740000,62.0,2000
222,Florida,232000,105,24360000,54.0,2000
223,Georgia,55000,57,3135000,63.0,2000
224,Hawaii,7000,112,784000,81.0,2000
225,Idaho,100000,47,4700000,52.0,2000
226,Illinois,8000,61,488000,117.0,2000
227,Indiana,8000,65,520000,103.0,2000
228,Iowa,30000,67,2010000,67.0,2000
229,Kansas,15000,68,1020000,91.0,2000
230,Kentucky,3000,48,144000,135.0,2000
231,Louisiana,43000,94,4042000,52.0,2000
232,Maine,11000,21,231000,75.0,2000
233,Maryland,6000,46,276000,114.0,2000
234,Michigan,72000,75,5400000,60.0,2000
235,Minnesota,150000,90,13500000,57.0,2000
236,Mississippi,17000,72,1224000,69.0,2000
237,Missouri,23000,75,1725000,60.0,2000
238,Montana,148000,86,12728000,59.0,2000
239,Nebraska,50000,87,4350000,59.0,2000
240,Nevada,10000,35,350000,145.0,2000
241,NewJersey,11000,35,385000,61.0,2000
242,NewMexico,15000,64,960000,72.0,2000
243,NewYork,58000,80,4640000,55.0,2000
244,NorthCarolina,11000,49,539000,143.0,2000
245,NorthDakota,290000,115,33350000,56.0,2000
246,Ohio,18000,65,1170000,79.0,2000
247,Oklahoma,7000,35,245000,126.0,2000
248,Oregon,48000,51,2448000,66.0,2000
249,Pennsylvania,22000,45,990000,76.0,2000
250,SouthDakota,235000,121,28435000,57.0,2000
251,Tennessee,9000,61,549000,143.0,2000
252,Texas,105000,79,8295000,57.0,2000
253,Utah,24000,41,984000,60.0,2000
254,Vermont,7000,59,413000,68.0,2000
255,Virginia,7000,42,294000,150.0,2000
256,Washington,52000,54,2808000,58.0,2000
257,WestVirginia,7000,54,378000,122.0,2000
258,Wisconsin,84000,90,7560000,68.0,2000
259,Wyoming,39000,93,3627000,59.0,2000
260,Alabama,14000,73,1022000,71.0,2001
261,Arizona,43000,59,2537000,78.0,2001
262,Arkansas,58000,98,5655000,66.0,2001
263,California,425000,65,27625000,67.0,2001
264,Colorado,26000,55,1430000,70.0,2001
265,Florida,220000,100,22000000,62.0,2001
266,Georgia,55000,57,3135000,70.0,2001
267,Hawaii,8000,87,696000,85.0,2001
268,Idaho,100000,46,4600000,66.0,2001
269,Illinois,6000,76,456000,172.0,2001
270,Indiana,8000,76,608000,86.0,2001
271,Iowa,33000,51,1683000,73.0,2001
272,Kansas,13000,51,663000,85.0,2001
273,Kentucky,3000,78,234000,131.0,2001
274,Louisiana,45000,106,4770000,60.0,2001
275,Maine,11000,20,220000,70.0,2001
276,Maryland,4000,46,184000,172.0,2001
277,Michigan,76000,60,4560000,78.0,2001
278,Minnesota,135000,81,10935000,63.0,2001
279,Mississippi,17000,66,1122000,60.0,2001
280,Missouri,25000,61,1525000,68.0,2001
281,Montana,136000,102,13872000,65.0,2001
282,Nebraska,43000,48,2064000,66.0,2001
283,Nevada,11000,50,550000,201.0,2001
284,NewJersey,11000,34,374000,82.0,2001
285,NewMexico,15000,70,1050000,65.0,2001
286,NewYork,53000,70,3710000,68.0,2001
287,NorthCarolina,11000,44,484000,158.0,2001
288,NorthDakota,280000,96,26880000,65.0,2001
289,Ohio,16000,81,1296000,85.0,2001
290,Oklahoma,4000,47,188000,141.0,2001
291,Oregon,44000,44,1936000,69.0,2001
292,Pennsylvania,17000,57,969000,87.0,2001
293,SouthDakota,235000,65,15275000,64.0,2001
294,Tennessee,9000,59,531000,137.0,2001
295,Texas,97000,79,7663000,64.0,2001
296,Utah,23000,38,874000,65.0,2001
297,Vermont,7000,81,567000,91.0,2001
298,Virginia,9000,52,468000,117.0,2001
299,Washington,42000,52,2184000,67.0,2001
300,WestVirginia,7000,65,455000,155.0,2001
301,Wisconsin,67000,81,5427000,76.0,2001
302,Wyoming,38000,77,2926000,63.0,2001
303,Alabama,12000,86,1032000,111.0,2002
304,Arizona,38000,63,2394000,110.0,2002
305,Arkansas,55000,88,4840000,124.0,2002
306,California,440000,53,23320000,129.0,2002
307,Colorado,24000,60,1440000,122.0,2002
308,Florida,220000,93,20460000,112.0,2002
309,Georgia,50000,52,2600000,110.0,2002
310,Hawaii,7000,136,952000,110.0,2002
311,Idaho,100000,57,5700000,135.0,2002
312,Illinois,9000,80,720000,142.0,2002
313,Indiana,8000,62,496000,114.0,2002
314,Iowa,33000,70,2310000,137.0,2002
315,Kansas,17000,52,884000,156.0,2002
316,Kentucky,3000,54,162000,165.0,2002
317,Louisiana,35000,124,4340000,114.0,2002
318,Maine,11000,41,451000,121.0,2002
319,Maryland,3000,46,138000,175.0,2002
320,Michigan,72000,77,5544000,134.0,2002
321,Minnesota,117000,73,8541000,142.0,2002
322,Mississippi,18000,78,1404000,118.0,2002
323,Missouri,18000,53,954000,137.0,2002
324,Montana,134000,63,8442000,135.0,2002
325,Nebraska,43000,75,3225000,145.0,2002
326,Nevada,9000,62,558000,227.0,2002
327,NewJersey,10000,35,350000,98.0,2002
328,NewMexico,11000,44,484000,109.0,2002
329,NewYork,60000,98,5880000,117.0,2002
330,NorthCarolina,14000,51,714000,136.0,2002
331,NorthDakota,320000,75,24000000,142.0,2002
332,Ohio,16000,81,1296000,140.0,2002
333,Oklahoma,3000,53,159000,160.0,2002
334,Oregon,39000,49,1911000,128.0,2002
335,Pennsylvania,18000,57,1026000,130.0,2002
336,SouthCarolina,5000,94,470000,125.0,2002
337,SouthDakota,225000,51,11475000,140.0,2002
338,Tennessee,8000,61,488000,137.0,2002
339,Texas,114000,67,7638000,109.0,2002
340,Utah,22000,59,1298000,129.0,2002
341,Vermont,7000,89,623000,119.0,2002
342,Virginia,7000,38,266000,186.0,2002
343,Washington,44000,51,2244000,125.0,2002
344,WestVirginia,9000,51,459000,137.0,2002
345,Wisconsin,70000,95,6650000,130.0,2002
346,Wyoming,38000,63,2394000,139.0,2002
347,Alabama,13000,82,1066000,126.0,2003
348,Arizona,40000,72,2880000,138.0,2003
349,Arkansas,40000,75,3000000,127.0,2003
350,California,480000,67,32160000,142.0,2003
351,Colorado,24000,86,2064000,138.0,2003
352,Florida,210000,71,14910000,135.0,2003
353,Georgia,52000,65,3380000,128.0,2003
354,Hawaii,7000,113,791000,143.0,2003
355,Idaho,100000,46,4600000,135.0,2003
356,Illinois,7000,60,420000,173.0,2003
357,Indiana,5000,56,280000,159.0,2003
358,Iowa,32000,59,1888000,145.0,2003
359,Kansas,16000,57,912000,158.0,2003
360,Kentucky,5000,48,240000,164.0,2003
361,Louisiana,34000,90,3060000,124.0,2003
362,Maine,8000,33,264000,140.0,2003
363,Maryland,2000,42,84000,191.0,2003
364,Michigan,65000,74,4810000,147.0,2003
365,Minnesota,120000,83,9960000,146.0,2003
366,Mississippi,21000,69,1449000,128.0,2003
367,Missouri,17000,53,901000,141.0,2003
368,Montana,145000,66,9570000,148.0,2003
369,Nebraska,45000,74,3330000,143.0,2003
370,Nevada,6000,64,384000,241.0,2003
371,NewJersey,10000,19,190000,157.0,2003
372,NewMexico,6000,41,246000,116.0,2003
373,NewYork,67000,72,4824000,140.0,2003
374,NorthCarolina,10000,44,440000,190.0,2003
375,NorthDakota,340000,87,29580000,136.0,2003
376,Ohio,15000,50,750000,143.0,2003
377,Oklahoma,3000,47,141000,183.0,2003
378,Oregon,42000,51,2142000,126.0,2003
379,Pennsylvania,27000,50,1350000,132.0,2003
380,SouthCarolina,6000,70,420000,195.0,2003
381,SouthDakota,200000,70,14000000,146.0,2003
382,Tennessee,7000,40,280000,153.0,2003
383,Texas,140000,67,9380000,142.0,2003
384,Utah,23000,57,1311000,130.0,2003
385,Vermont,7000,83,581000,192.0,2003
386,Virginia,6000,37,222000,169.0,2003
387,Washington,58000,56,3248000,152.0,2003
388,WestVirginia,8000,47,376000,201.0,2003
389,Wisconsin,74000,77,5698000,144.0,2003
390,Wyoming,39000,81,3159000,140.0,2003
391,Alabama,12000,87,1044000,140.0,2004
392,Arizona,32000,55,1760000,115.0,2004
393,Arkansas,40000,57,2280000,90.0,2004
394,California,390000,45,17550000,101.0,2004
395,Colorado,23000,80,1840000,148.0,2004
396,Florida,205000,98,20090000,100.0,2004
397,Georgia,63000,49,3087000,118.0,2004
398,Hawaii,8000,96,768000,141.0,2004
399,Idaho,100000,63,6300000,101.0,2004
400,Illinois,7000,55,385000,193.0,2004
401,Indiana,7000,59,413000,158.0,2004
402,Iowa,35000,67,2345000,128.0,2004
403,Kansas,14000,80,1120000,123.0,2004
404,Louisiana,35000,98,3430000,79.0,2004
405,Maine,7000,31,217000,127.0,2004
406,Michigan,65000,67,4355000,117.0,2004
407,Minnesota,135000,75,10125000,104.0,2004
408,Mississippi,18000,65,1170000,80.0,2004
409,Missouri,16000,41,656000,137.0,2004
410,Montana,140000,77,10780000,106.0,2004
411,Nebraska,51000,89,4539000,107.0,2004
412,Nevada,14000,55,770000,330.0,2004
413,NewJersey,12000,27,324000,138.0,2004
414,NewMexico,8000,44,352000,122.0,2004
415,NewYork,64000,67,4288000,133.0,2004
416,NorthCarolina,9000,40,360000,218.0,2004
417,NorthDakota,390000,78,30420000,105.0,2004
418,Ohio,16000,58,928000,150.0,2004
419,Oregon,42000,54,2268000,124.0,2004
420,Pennsylvania,30000,54,1620000,138.0,2004
421,SouthDakota,215000,105,22575000,106.0,2004
422,Tennessee,6000,54,324000,172.0,2004
423,Texas,116000,76,8816000,96.0,2004
424,Utah,23000,70,1610000,104.0,2004
425,Vermont,6000,68,408000,145.0,2004
426,Virginia,7000,38,266000,213.0,2004
427,Washington,56000,63,3528000,103.0,2004
428,WestVirginia,9000,55,495000,142.0,2004
429,Wisconsin,68000,86,5848000,133.0,2004
430,Wyoming,39000,75,2925000,109.0,2004
431,Alabama,13000,66,858000,128.0,2005
432,Arizona,36000,50,1800000,97.0,2005
433,Arkansas,36000,69,2484000,95.0,2005
434,California,400000,75,30000000,84.0,2005
435,Colorado,26000,70,1820000,104.0,2005
436,Florida,160000,86,13760000,87.0,2005
437,Georgia,59000,49,2891000,84.0,2005
438,Hawaii,9000,131,1179000,134.0,2005
439,Idaho,95000,37,3515000,80.0,2005
440,Illinois,8000,85,680000,162.0,2005
441,Indiana,8000,64,512000,119.0,2005
442,Iowa,28000,88,2464000,98.0,2005
443,Kansas,16000,50,800000,124.0,2005
444,Kentucky,5000,50,250000,212.0,2005
445,Louisiana,35000,97,3395000,71.0,2005
446,Maine,8000,26,208000,187.0,2005
447,Michigan,65000,68,4420000,99.0,2005
448,Minnesota,120000,74,8880000,83.0,2005
449,Mississippi,16000,80,1280000,66.0,2005
450,Missouri,15000,50,750000,121.0,2005
451,Montana,130000,67,8710000,80.0,2005
452,Nebraska,40000,68,2720000,89.0,2005
453,Nevada,12000,46,552000,209.0,2005
454,NewJersey,12000,32,384000,118.0,2005
455,NewMexico,7000,49,343000,102.0,2005
456,NewYork,60000,73,4380000,122.0,2005
457,NorthCarolina,10000,54,540000,194.0,2005
458,NorthDakota,370000,91,33670000,81.0,2005
459,Ohio,15000,69,1035000,141.0,2005
460,Oregon,39000,42,1638000,108.0,2005
461,Pennsylvania,28000,56,1568000,105.0,2005
462,SouthDakota,220000,79,17380000,76.0,2005
463,Tennessee,7000,55,385000,164.0,2005
464,Texas,84000,71,5964000,85.0,2005
465,Utah,23000,45,1035000,103.0,2005
466,Vermont,6000,91,546000,106.0,2005
467,Virginia,8000,37,296000,221.0,2005
468,Washington,51000,55,2805000,106.0,2005
469,WestVirginia,8000,51,408000,124.0,2005
470,Wisconsin,64000,83,5312000,114.0,2005
471,Wyoming,40000,56,2240000,87.0,2005
472,Alabama,11000,72,792000,146.0,2006
473,Arizona,30000,65,1950000,139.0,2006
474,Arkansas,32000,76,2432000,105.0,2006
475,California,380000,52,19760000,98.0,2006
476,Colorado,36000,75,2700000,139.0,2006
477,Florida,170000,81,13770000,101.0,2006
478,Georgia,63000,74,4662000,116.0,2006
479,Hawaii,10000,93,930000,119.0,2006
480,Idaho,95000,44,4180000,86.0,2006
481,Illinois,10000,66,660000,188.0,2006
482,Indiana,6000,54,324000,151.0,2006
483,Iowa,26000,84,2184000,115.0,2006
484,Kansas,14000,55,770000,140.0,2006
485,Kentucky,5000,56,280000,220.0,2006
486,Louisiana,30000,90,2700000,89.0,2006
487,Maine,11000,23,253000,200.0,2006
488,Michigan,72000,55,3960000,128.0,2006
489,Minnesota,125000,80,10000000,89.0,2006
490,Mississippi,14000,98,1372000,105.0,2006
491,Missouri,15000,46,690000,149.0,2006
492,Montana,132000,79,10428000,100.0,2006
493,Nebraska,47000,73,3431000,104.0,2006
494,Nevada,9000,37,333000,355.0,2006
495,NewJersey,9000,36,324000,115.0,2006
496,NewMexico,7000,48,336000,96.0,2006
497,NewYork,60000,64,3840000,138.0,2006
498,NorthCarolina,10000,50,500000,156.0,2006
499,NorthDakota,350000,74,25900000,90.0,2006
500,Ohio,14000,56,784000,145.0,2006
501,Oregon,46000,48,2208000,111.0,2006
502,Pennsylvania,28000,40,1120000,161.0,2006
503,SouthDakota,225000,47,10575000,82.0,2006
504,Tennessee,7000,55,385000,184.0,2006
505,Texas,82000,70,5740000,87.0,2006
506,Utah,23000,50,1150000,105.0,2006
507,Vermont,6000,56,336000,121.0,2006
508,Virginia,8000,42,336000,219.0,2006
509,Washington,49000,52,2548000,119.0,2006
510,WestVirginia,5000,42,210000,195.0,2006
511,Wisconsin,64000,93,5952000,114.0,2006
512,Wyoming,39000,85,3315000,88.0,2006
513,Alabama,11000,56,616000,141.0,2007
514,Arizona,30000,64,1920000,118.0,2007
515,Arkansas,28000,80,2240000,95.0,2007
516,California,340000,40,13600000,104.0,2007
517,Colorado,33000,51,1683000,112.0,2007
518,Florida,160000,71,11360000,99.0,2007
519,Georgia,60000,58,3480000,114.0,2007
520,Hawaii,10000,92,920000,158.0,2007
521,Idaho,92000,41,3772000,108.0,2007
522,Illinois,9000,63,567000,240.0,2007
523,Indiana,7000,51,357000,139.0,2007
524,Iowa,26000,81,2106000,126.0,2007
525,Kansas,14000,40,560000,112.0,2007
526,Kentucky,4000,61,244000,208.0,2007
527,Louisiana,29000,89,2581000,108.0,2007
528,Maine,9000,26,234000,139.0,2007
529,Michigan,72000,64,4608000,114.0,2007
530,Minnesota,130000,68,8840000,99.0,2007
531,Mississippi,15000,105,1575000,90.0,2007
532,Missouri,13000,47,611000,105.0,2007
533,Montana,135000,68,9180000,94.0,2007
534,Nebraska,45000,49,2205000,98.0,2007
535,Nevada,10000,28,280000,360.0,2007
536,NewJersey,9000,57,513000,217.0,2007
537,NewMexico,6000,59,354000,136.0,2007
538,NewYork,56000,57,3192000,142.0,2007
539,NorthCarolina,11000,45,495000,225.0,2007
540,NorthDakota,420000,74,31080000,92.0,2007
541,Ohio,14000,61,854000,175.0,2007
542,Oregon,44000,43,1892000,121.0,2007
543,Pennsylvania,25000,42,1050000,163.0,2007
544,SouthDakota,255000,52,13260000,93.0,2007
545,Tennessee,7000,65,455000,195.0,2007
546,Texas,105000,82,8610000,95.0,2007
547,Utah,25000,39,975000,112.0,2007
548,Vermont,5000,64,320000,126.0,2007
549,Virginia,6000,46,276000,235.0,2007
550,Washington,46000,44,2024000,125.0,2007
551,WestVirginia,5000,48,240000,196.0,2007
552,Wisconsin,60000,84,5040000,115.0,2007
553,Wyoming,43000,80,3440000,103.0,2007
554,Alabama,9000,66,594000,186.0,2008
555,Arizona,25000,64,1600000,125.0,2008
556,Arkansas,28000,75,2100000,131.0,2008
557,California,360000,51,18360000,141.0,2008
558,Colorado,27000,45,1215000,150.0,2008
559,Florida,150000,79,11850000,130.0,2008
560,Georgia,55000,71,3905000,149.0,2008
561,Hawaii,10000,90,900000,148.0,2008
562,Idaho,90000,40,3600000,142.0,2008
563,Illinois,8000,56,448000,246.0,2008
564,Indiana,6000,67,402000,161.0,2008
565,Iowa,24000,62,1488000,156.0,2008
566,Kansas,10000,61,610000,152.0,2008
567,Kentucky,4000,39,156000,236.0,2008
568,Louisiana,29000,77,2233000,133.0,2008
569,Maine,7000,42,294000,150.0,2008
570,Michigan,71000,73,5183000,143.0,2008
571,Minnesota,122000,78,9516000,139.0,2008
572,Mississippi,14000,98,1372000,130.0,2008
573,Missouri,11000,53,583000,178.0,2008
574,Montana,134000,70,9380000,137.0,2008
575,Nebraska,36000,67,2412000,142.0,2008
576,Nevada,10000,29,290000,237.0,2008
577,NewJersey,9000,40,360000,158.0,2008
578,NewMexico,6000,48,288000,148.0,2008
579,NewYork,50000,70,3500000,150.0,2008
580,NorthCarolina,12000,52,624000,212.0,2008
581,NorthDakota,390000,90,35100000,135.0,2008
582,Ohio,14000,53,742000,188.0,2008
583,Oregon,50000,43,2150000,148.0,2008
584,Pennsylvania,23000,48,1104000,165.0,2008
585,SouthDakota,225000,95,21375000,134.0,2008
586,Tennessee,7000,61,427000,204.0,2008
587,Texas,77000,64,4928000,134.0,2008
588,Utah,28000,48,1344000,156.0,2008
589,Vermont,5000,66,330000,179.0,2008
590,Virginia,6000,42,252000,218.0,2008
591,Washington,41000,44,1804000,150.0,2008
592,WestVirginia,6000,43,258000,198.0,2008
593,Wisconsin,58000,80,4640000,140.0,2008
594,Wyoming,39000,61,2379000,137.0,2008
595,Alabama,9000,49,441000,182.0,2009
596,Arizona,20000,52,1040000,153.0,2009
597,Arkansas,24000,57,1368000,139.0,2009
598,California,355000,33,11715000,139.0,2009
599,Colorado,28000,53,1484000,140.0,2009
600,Florida,150000,68,10200000,138.0,2009
601,Georgia,65000,41,2665000,147.0,2009
602,Hawaii,10000,95,950000,163.0,2009
603,Idaho,103000,46,4738000,145.0,2009
604,Illinois,8000,34,272000,226.0,2009
605,Indiana,9000,32,288000,198.0,2009
606,Iowa,26000,42,1092000,151.0,2009
607,Kansas,9000,63,567000,189.0,2009
608,Kentucky,5000,35,175000,273.0,2009
609,Louisiana,37000,103,3811000,132.0,2009
610,Maine,6000,50,300000,186.0,2009
611,Michigan,66000,60,3960000,151.0,2009
612,Minnesota,122000,65,7930000,140.0,2009
613,Mississippi,14000,104,1456000,132.0,2009
614,Missouri,11000,47,517000,198.0,2009
615,Montana,146000,70,10220000,145.0,2009
616,Nebraska,48000,56,2688000,144.0,2009
617,Nevada,10000,52,520000,129.0,2009
618,NewJersey,9000,32,288000,193.0,2009
619,NewMexico,7000,60,420000,163.0,2009
620,NewYork,47000,65,3055000,183.0,2009
621,NorthCarolina,11000,45,495000,252.0,2009
622,NorthDakota,450000,77,34650000,137.0,2009
623,Ohio,11000,50,550000,275.0,2009
624,Oregon,55000,34,1870000,149.0,2009
625,Pennsylvania,21000,40,840000,199.0,2009
626,SouthDakota,270000,66,17820000,139.0,2009
627,Tennessee,7000,51,357000,235.0,2009
628,Texas,74000,63,4662000,138.0,2009
629,Utah,26000,38,988000,147.0,2009
630,Vermont,5000,49,245000,236.0,2009
631,Virginia,6000,39,234000,328.0,2009
632,Washington,62000,44,2728000,149.0,2009
633,WestVirginia,5000,37,185000,267.0,2009
634,Wisconsin,63000,60,3780000,151.0,2009
635,Wyoming,37000,48,1776000,143.0,2009
636,Alabama,9000,54,73000,240.0,2010
637,Arizona,24000,77,665000,152.0,2010
638,Arkansas,25000,60,360000,147.0,2010
639,California,410000,67,6318000,155.0,2010
640,Colorado,34000,56,533000,152.0,2010
641,Florida,200000,69,1794000,156.0,2010
642,Georgia,55000,46,152000,167.0,2010
643,Hawaii,10000,77,239000,275.0,2010
644,Idaho,97000,27,1179000,161.0,2010
645,Illinois,9000,41,92000,278.0,2010
646,Indiana,10000,43,151000,223.0,2010
647,Iowa,27000,49,463000,192.0,2010
648,Kansas,9000,52,103000,202.0,2010
649,Kentucky,5000,67,67000,272.0,2010
650,Louisiana,36000,80,288000,150.0,2010
651,Maine,5000,41,33000,205.0,2010
652,Michigan,71000,58,1524000,167.0,2010
653,Minnesota,128000,66,1774000,155.0,2010
654,Mississippi,16000,98,78000,144.0,2010
655,Missouri,11000,52,92000,180.0,2010
656,Montana,157000,74,2905000,158.0,2010
657,Nebraska,41000,55,902000,151.0,2010
658,NewJersey,13000,35,73000,190.0,2010
659,NewMexico,7000,66,157000,158.0,2010
660,NewYork,45000,64,1123000,196.0,2010
661,NorthCarolina,13000,46,144000,266.0,2010
662,NorthDakota,510000,91,12995000,150.0,2010
663,Ohio,18000,62,346000,228.0,2010
664,Oregon,59000,39,874000,163.0,2010
665,Pennsylvania,30000,37,377000,213.0,2010
666,SouthDakota,265000,58,4765000,151.0,2010
667,Tennessee,8000,63,106000,250.0,2010
668,Texas,100000,72,792000,151.0,2010
669,Utah,26000,30,195000,153.0,2010
670,Vermont,4000,65,73000,310.0,2010
671,Virginia,5000,37,37000,332.0,2010
672,Washington,71000,37,1077000,157.0,2010
673,WestVirginia,5000,40,40000,239.0,2010
674,Wisconsin,64000,64,1556000,168.0,2010
675,Wyoming,34000,36,282000,159.0,2010
676,Alabama,9000,50,63000,251.0,2011
677,Arizona,23000,53,427000,155.0,2011
678,Arkansas,22000,64,239000,162.0,2011
679,California,370000,48,3730000,165.0,2011
680,Colorado,31000,55,443000,200.0,2011
681,Florida,180000,61,988000,168.0,2011
682,Georgia,65000,43,196000,165.0,2011
683,Hawaii,9000,74,246000,365.0,2011
684,Idaho,87000,36,1879000,178.0,2011
685,Illinois,7000,50,98000,390.0,2011
686,Indiana,8000,51,147000,214.0,2011
687,Iowa,25000,62,961000,196.0,2011
688,Kansas,7000,44,117000,215.0,2011
689,Kentucky,4000,39,12000,317.0,2011
690,Louisiana,36000,77,471000,167.0,2011
691,Maine,4000,30,17000,198.0,2011
692,Michigan,74000,64,2084000,181.0,2011
693,Minnesota,120000,53,2099000,163.0,2011
694,Mississippi,18000,115,104000,153.0,2011
695,Missouri,8000,43,76000,214.0,2011
696,Montana,145000,92,3202000,170.0,2011
697,Nebraska,41000,59,653000,175.0,2011
698,NewJersey,11000,41,135000,370.0,2011
699,NewMexico,7000,56,153000,169.0,2011
700,NewYork,49000,56,1235000,196.0,2011
701,NorthCarolina,14000,62,95000,283.0,2011
702,NorthDakota,460000,71,7512000,167.0,2011
703,Ohio,15000,66,228000,234.0,2011
704,Oregon,60000,34,755000,168.0,2011
705,Pennsylvania,24000,44,306000,255.0,2011
706,SouthDakota,250000,66,4290000,170.0,2011
707,Tennessee,7000,44,68000,293.0,2011
708,Texas,78000,58,633000,178.0,2011
709,Utah,23000,39,170000,175.0,2011
710,Vermont,4000,43,43000,231.0,2011
711,Virginia,4000,40,21000,407.0,2011
712,Washington,71000,38,836000,193.0,2011
713,WestVirginia,4000,53,45000,257.0,2011
714,Wisconsin,57000,63,1508000,189.0,2011
715,Wyoming,35000,54,265000,172.0,2011
716,Alabama,8000,54,65000,247.0,2012
717,Arizona,22000,46,253000,179.0,2012
718,Arkansas,25000,63,189000,198.0,2012
719,California,330000,35,3119000,194.0,2012
720,Colorado,25000,48,468000,207.0,2012
721,Florida,193000,64,1235000,184.0,2012
722,Georgia,59000,51,181000,192.0,2012
723,Hawaii,10000,75,263000,415.0,2012
724,Idaho,92000,32,530000,163.0,2012
725,Illinois,7000,61,145000,355.0,2012
726,Indiana,8000,59,203000,254.0,2012
727,Iowa,37000,61,1196000,217.0,2012
728,Kansas,6000,55,125000,228.0,2012
729,Kentucky,5000,51,41000,315.0,2012
730,Louisiana,41000,86,141000,183.0,2012
731,Maine,4000,34,24000,239.0,2012
732,Michigan,73000,57,1332000,203.0,2012
733,Minnesota,125000,67,1591000,192.0,2012
734,Mississippi,18000,118,64000,177.0,2012
735,Missouri,7000,53,108000,280.0,2012
736,Montana,145000,52,2413000,195.0,2012
737,Nebraska,43000,65,1146000,193.0,2012
738,NewJersey,14000,33,51000,197.0,2012
739,NewMexico,5000,52,99000,339.0,2012
740,NewYork,51000,51,988000,223.0,2012
741,NorthCarolina,13000,39,106000,376.0,2012
742,NorthDakota,480000,69,5962000,192.0,2012
743,Ohio,18000,60,410000,246.0,2012
744,Oregon,60000,32,845000,216.0,2012
745,Pennsylvania,16000,60,269000,257.0,2012
746,SouthDakota,260000,63,3604000,195.0,2012
747,Tennessee,6000,61,59000,293.0,2012
748,Texas,92000,52,718000,200.0,2012
749,Utah,25000,38,209000,187.0,2012
750,Vermont,4000,60,53000,239.0,2012
751,Virginia,4000,41,23000,377.0,2012
752,Washington,62000,41,1017000,238.0,2012
753,WestVirginia,6000,48,95000,291.0,2012
754,Wisconsin,60000,69,1863000,205.0,2012
755,Wyoming,50000,51,459000,187.0,2012
756,Alabama,7000,52,55000,285.0,2013
757,Arizona,29000,36,251000,196.0,2013
758,Arkansas,22000,60,66000,202.0,2013
759,California,330000,33,2505000,211.0,2013
760,Colorado,26000,43,324000,210.0,2013
761,Florida,220000,61,1074000,203.0,2013
762,Georgia,67000,50,637000,226.0,2013
763,Hawaii,13000,83,65000,197.0,2013
764,Idaho,83000,32,1036000,202.0,2013
765,Illinois,7000,48,101000,419.0,2013
766,Indiana,6000,47,82000,277.0,2013
767,Iowa,39000,48,1217000,245.0,2013
768,Kansas,6000,46,39000,250.0,2013
769,Kentucky,3000,41,17000,325.0,2013
770,Louisiana,50000,98,490000,189.0,2013
771,Maine,7000,43,27000,314.0,2013
772,Michigan,85000,55,982000,216.0,2013
773,Minnesota,130000,58,1282000,199.0,2013
774,Mississippi,17000,116,39000,186.0,2013
775,Missouri,10000,47,85000,262.0,2013
776,Montana,159000,94,5231000,209.0,2013
777,Nebraska,46000,60,1628000,207.0,2013
778,NewJersey,11000,44,34000,419.0,2013
779,NewYork,55000,48,1030000,212.0,2013
780,NorthCarolina,10000,38,84000,367.0,2013
781,NorthDakota,480000,69,6955000,204.0,2013
782,Ohio,17000,45,390000,329.0,2013
783,Oregon,62000,35,456000,239.0,2013
784,Pennsylvania,13000,45,257000,303.0,2013
785,SouthDakota,265000,56,6381000,207.0,2013
786,Tennessee,7000,45,63000,355.0,2013
787,Texas,106000,59,1689000,210.0,2013
788,Utah,30000,34,92000,209.0,2013
789,Vermont,3000,51,46000,389.0,2013
790,Virginia,5000,35,42000,450.0,2013
791,Washington,69000,39,1023000,230.0,2013
792,WestVirginia,6000,46,83000,366.0,2013
793,Wisconsin,59000,60,1558000,238.0,2013
794,Wyoming,47000,66,558000,211.0,2013
795,Alabama,7000,53,26000,353.0,2014
796,Arizona,26000,39,193000,192.0,2014
797,Arkansas,21000,65,137000,204.0,2014
798,California,320000,39,2995000,206.0,2014
799,Colorado,27000,37,200000,211.0,2014
800,Florida,245000,60,1029000,208.0,2014
801,Georgia,73000,62,362000,219.0,2014
802,Hawaii,15000,93,140000,229.0,2014
803,Idaho,100000,34,850000,203.0,2014
804,Illinois,8000,49,94000,411.0,2014
805,Indiana,5000,62,115000,319.0,2014
806,Iowa,35000,43,933000,241.0,2014
807,Kansas,7000,75,84000,238.0,2014
808,Kentucky,5000,47,56000,396.0,2014
809,Louisiana,48000,84,524000,218.0,2014
810,Maine,8000,47,41000,499.0,2014
811,Michigan,91000,63,1835000,249.0,2014
812,Minnesota,132000,60,1426000,206.0,2014
813,Mississippi,20000,112,45000,201.0,2014
814,Missouri,12000,47,96000,363.0,2014
815,Montana,162000,88,5132000,209.0,2014
816,Nebraska,50000,75,1688000,204.0,2014
817,NewJersey,12000,30,119000,313.0,2014
818,NewYork,60000,55,1518000,283.0,2014
819,NorthCarolina,12000,43,88000,349.0,2014
820,NorthDakota,490000,86,9271000,199.0,2014
821,Ohio,15000,61,256000,358.0,2014
822,Oregon,71000,40,767000,220.0,2014
823,Pennsylvania,17000,46,203000,291.0,2014
824,SouthCarolina,9000,54,19000,397.0,2014
825,SouthDakota,280000,87,5846000,208.0,2014
826,Tennessee,7000,63,88000,376.0,2014
827,Texas,116000,78,2081000,224.0,2014
828,Utah,29000,28,130000,213.0,2014
829,Vermont,3000,58,61000,489.0,2014
830,Virginia,6000,41,57000,468.0,2014
831,Washington,68000,44,1167000,261.0,2014
832,WestVirginia,6000,31,33000,407.0,2014
833,Wisconsin,53000,54,1030000,238.0,2014
834,Wyoming,38000,61,255000,208.0,2014
835,Alabama,7000,47,13000,383.0,2015
836,Arizona,26000,49,306000,203.0,2015
837,Arkansas,24000,72,121000,206.0,2015
838,California,275000,30,1485000,203.0,2015
839,Colorado,29000,51,399000,226.0,2015
840,Florida,220000,54,832000,197.0,2015
841,Georgia,69000,40,221000,243.0,2015
842,Hawaii,14000,102,71000,191.0,2015
843,Idaho,89000,32,1082000,193.0,2015
844,Illinois,8000,51,155000,466.0,2015
845,Indiana,6000,53,165000,323.0,2015
846,Iowa,36000,50,990000,220.0,2015
847,Kansas,8000,36,107000,350.0,2015
848,Kentucky,5000,46,55000,404.0,2015
849,Louisiana,44000,99,348000,195.0,2015
850,Maine,10000,47,47000,543.0,2015
851,Michigan,90000,58,1984000,244.0,2015
852,Minnesota,122000,68,2157000,184.0,2015
853,Mississippi,15000,83,87000,240.0,2015
854,Missouri,10000,52,52000,355.0,2015
855,Montana,146000,83,3757000,194.0,2015
856,Nebraska,57000,48,1450000,204.0,2015
857,NewJersey,12000,27,207000,420.0,2015
858,NewYork,58000,62,899000,294.0,2015
859,NorthCarolina,12000,45,103000,451.0,2015
860,NorthDakota,490000,74,9428000,180.0,2015
861,Ohio,17000,50,357000,360.0,2015
862,Oregon,71000,38,809000,243.0,2015
863,Pennsylvania,17000,53,225000,362.0,2015
864,SouthCarolina,14000,67,38000,410.0,2015
865,SouthDakota,290000,66,9379000,179.0,2015
866,Tennessee,7000,59,78000,404.0,2015
867,Texas,126000,66,1164000,210.0,2015
868,Utah,27000,42,147000,192.0,2015
869,Vermont,5000,52,62000,423.0,2015
870,Virginia,6000,38,50000,553.0,2015
871,Washington,73000,44,1221000,180.0,2015
872,WestVirginia,5000,35,32000,444.0,2015
873,Wisconsin,52000,67,1603000,243.0,2015
874,Wyoming,38000,77,146000,190.0,2015
875,Alabama,7000,52,33000,345.0,2016
876,Arizona,27000,46,261000,197.0,2016
877,Arkansas,24000,69,99000,185.0,2016
878,California,310000,36,2009000,204.0,2016
879,Colorado,32000,40,282000,224.0,2016
880,Florida,215000,50,538000,243.0,2016
881,Georgia,96000,39,899000,269.0,2016
882,Hawaii,16000,113,127000,231.0,2016
883,Idaho,97000,34,1253000,182.0,2016
884,Illinois,10000,48,77000,542.0,2016
885,Indiana,7000,62,208000,346.0,2016
886,Iowa,37000,48,746000,208.0,2016
887,Kansas,7000,48,54000,304.0,2016
888,Kentucky,5000,46,48000,402.0,2016
889,Louisiana,50000,86,301000,194.0,2016
890,Maine,12000,34,65000,338.0,2016
891,Michigan,89000,60,1709000,237.0,2016
892,Minnesota,124000,59,1390000,169.0,2016
893,Mississippi,19000,85,113000,173.0,2016
894,Missouri,8000,62,30000,231.0,2016
895,Montana,159000,77,3183000,177.0,2016
896,Nebraska,48000,46,640000,191.0,2016
897,NewJersey,12000,27,198000,709.0,2016
898,NewYork,64000,57,1167000,319.0,2016
899,NorthCarolina,12000,37,89000,478.0,2016
900,NorthDakota,485000,78,6809000,185.0,2016
901,Ohio,15000,79,664000,393.0,2016
902,Oregon,74000,35,622000,191.0,2016
903,Pennsylvania,19000,50,266000,303.0,2016
904,SouthCarolina,16000,45,36000,457.0,2016
905,SouthDakota,280000,71,12127000,176.0,2016
906,Tennessee,6000,55,69000,488.0,2016
907,Texas,133000,70,2607000,208.0,2016
908,Utah,31000,32,169000,193.0,2016
909,Vermont,6000,52,69000,364.0,2016
910,Virginia,5000,38,30000,585.0,2016
911,Washington,84000,35,412000,199.0,2016
912,WestVirginia,5000,32,43000,392.0,2016
913,Wisconsin,54000,62,1205000,267.0,2016
914,Wyoming,40000,68,190000,178.0,2016
915,Alabama,7000,45,22000,288.0,2017
916,Arizona,22000,40,97000,199.0,2017
917,Arkansas,29000,68,197000,197.0,2017
918,California,335000,41,2198000,216.0,2017
919,Colorado,33000,43,284000,209.0,2017
920,Florida,205000,43,529000,237.0,2017
921,Georgia,99000,32,190000,300.0,2017
922,Hawaii,19000,131,25000,153.0,2017
923,Idaho,95000,44,1045000,179.0,2017
924,Illinois,11000,46,167000,509.0,2017
925,Indiana,8000,52,158000,361.0,2017
926,Iowa,35000,58,1035000,226.0,2017
927,Kansas,7000,79,260000,403.0,2017
928,Kentucky,5000,38,42000,413.0,2017
929,Louisiana,43000,81,279000,193.0,2017
930,Maine,12000,33,51000,500.0,2017
931,Michigan,87000,45,822000,242.0,2017
932,Minnesota,126000,62,1016000,193.0,2017
933,Mississippi,18000,86,124000,182.0,2017
934,Missouri,8000,65,57000,370.0,2017
935,Montana,145000,72,2506000,221.0,2017
936,Nebraska,42000,63,423000,191.0,2017
937,NewJersey,13000,28,167000,874.0,2017
938,NewYork,57000,56,766000,303.0,2017
939,NorthCarolina,11000,41,99000,458.0,2017
940,NorthDakota,455000,74,4377000,191.0,2017
941,Ohio,15000,73,657000,324.0,2017
942,Oregon,78000,40,998000,210.0,2017
943,Pennsylvania,16000,46,177000,351.0,2017
944,SouthCarolina,16000,34,27000,270.0,2017
945,SouthDakota,255000,57,6541000,207.0,2017
946,Tennessee,7000,41,75000,457.0,2017
947,Texas,120000,66,2297000,217.0,2017
948,Utah,27000,31,67000,208.0,2017
949,Vermont,7000,54,144000,402.0,2017
950,Virginia,6000,35,46000,577.0,2017
951,Washington,77000,45,1594000,244.0,2017
952,WestVirginia,6000,40,50000,393.0,2017
953,Wisconsin,53000,56,683000,282.0,2017
954,Wyoming,39000,53,186000,161.0,2017
955,Alabama,6000,45,14000,3.72,2018
956,Arizona,24000,38,109000,3.01,2018
957,Arkansas,28000,50,84000,1.88,2018
958,California,335000,41,3022000,2.11,2018
959,Colorado,31000,48,283000,2.05,2018
960,Florida,215000,49,737000,2.4,2018
961,Georgia,98000,34,200000,2.76,2018
962,Hawaii,17000,103,18000,1.92,2018
963,Idaho,96000,31,655000,1.96,2018
964,Illinois,11000,41,108000,4.83,2018
965,Indiana,7000,46,106000,3.58,2018
966,Iowa,38000,49,1005000,2.4,2018
967,Kansas,5000,73,95000,3.1,2018
968,Kentucky,4000,41,34000,5.43,2018
969,Louisiana,45000,83,261000,1.91,2018
970,Maine,12000,32,92000,2.98,2018
971,Michigan,97000,44,768000,2.49,2018
972,Minnesota,119000,61,1161000,1.94,2018
973,Mississippi,20000,87,70000,2.07,2018
974,Missouri,9000,45,36000,2.83,2018
975,Montana,160000,92,3680000,1.9,2018
976,Nebraska,40000,59,850000,2.01,2018
977,NewJersey,13000,31,165000,7.47,2018
978,NewYork,56000,48,833000,3.24,2018
979,NorthCarolina,10000,33,63000,5.76,2018
980,NorthDakota,550000,72,4752000,1.87,2018
981,Ohio,14000,73,491000,3.72,2018
982,Oregon,93000,35,1009000,2.36,2018
983,Pennsylvania,19000,44,309000,3.89,2018
984,SouthCarolina,16000,48,15000,3.17,2018
985,SouthDakota,255000,47,5154000,1.91,2018
986,Tennessee,7000,46,84000,4.11,2018
987,Texas,132000,56,1035000,2.12,2018
988,Utah,26000,41,75000,2.1,2018
989,Vermont,7000,48,94000,3.76,2018
990,Virginia,4000,40,35000,7.24,2018
991,Washington,77000,43,563000,2.15,2018
992,WestVirginia,6000,37,38000,4.33,2018
993,Wisconsin,51000,45,711000,2.95,2018
994,Wyoming,39000,56,175000,1.91,2018
995,Alabama,7000,42,44000,3.38,2019
996,Arizona,23000,46,201000,2.04,2019
997,Arkansas,20000,55,176000,1.65,2019
998,California,335000,48,3216000,1.6,2019
999,Colorado,32000,46,500000,2.34,2019
1000,Florida,205000,45,830000,2.46,2019
1001,Georgia,102000,33,370000,2.67,2019
1002,Hawaii,16000,80,51000,1.3,2019
1003,Idaho,92000,32,677000,1.62,2019
1004,Illinois,11000,39,116000,4.12,2019
1005,Indiana,9000,55,188000,3.78,2019
1006,Iowa,38000,55,1170000,2.35,2019
1007,Kansas,7000,79,171000,2.35,2019
1008,Kentucky,6000,41,44000,4.66,2019
1009,Louisiana,54000,72,428000,2.15,2019
1010,Maine,15000,35,110000,3.28,2019
1011,Michigan,94000,50,1363000,2.56,2019
1012,Minnesota,118000,59,3063000,1.83,2019
1013,Mississippi,22000,80,141000,1.87,2019
1014,Missouri,10000,43,73000,3.35,2019
1015,Montana,173000,86,5802000,1.49,2019
1016,Nebraska,39000,52,223000,1.44,2019
1017,NewJersey,15000,28,155000,4.68,2019
1018,NewYork,59000,58,1027000,4.0,2019
1019,NorthCarolina,14000,42,118000,4.11,2019
1020,NorthDakota,520000,65,6422000,1.43,2019
1021,Ohio,15000,67,442000,3.46,2019
1022,Oregon,87000,32,1141000,2.5,2019
1023,Pennsylvania,19000,50,409000,4.41,2019
1024,SouthCarolina,16000,47,45000,5.03,2019
1025,SouthDakota,270000,72,7582000,1.56,2019
1026,Tennessee,8000,57,91000,4.72,2019
1027,Texas,126000,60,1663000,2.32,2019
1028,Utah,22000,29,89000,1.97,2019
1029,Vermont,6000,48,84000,4.48,2019
1030,Virginia,5000,39,49000,7.19,2019
1031,Washington,81000,35,1191000,2.18,2019
1032,WestVirginia,6000,37,47000,4.26,2019
1033,Wisconsin,46000,47,692000,3.0,2019
1034,Wyoming,39000,56,306000,1.43,2019
1035,Alabama,7000,39,66000,5.52,2020
1036,Arizona,25000,36,360000,2.38,2020
1037,Arkansas,20000,49,176000,1.85,2020
1038,California,320000,43,2752000,1.95,2020
1039,Colorado,30000,41,455000,2.39,2020
1040,Florida,192000,46,883000,2.24,2020
1041,Georgia,101000,34,412000,2.52,2020
1042,Hawaii,15000,105,79000,1.7,2020
1043,Idaho,107000,35,637000,1.76,2020
1044,Illinois,10000,52,156000,5.65,2020
1045,Indiana,9000,55,149000,3.91,2020
1046,Iowa,35000,58,1259000,2.54,2020
1047,Kansas,8000,62,164000,3.25,2020
1048,Kentucky,7000,33,58000,5.76,2020
1049,Louisiana,33000,69,228000,2.46,2020
1050,Maine,10000,30,78000,3.36,2020
1051,Michigan,95000,47,1384000,2.95,2020
1052,Minnesota,108000,55,2495000,1.8,2020
1053,Mississippi,25000,73,146000,1.99,2020
1054,Missouri,9000,41,100000,3.59,2020
1055,Montana,110000,81,3208000,1.61,2020
1056,Nebraska,37000,52,250000,1.69,2020
1057,NewJersey,14000,31,91000,4.32,2020
1058,NewYork,58000,56,844000,3.13,2020
1059,NorthCarolina,12000,38,123000,5.5,2020
1060,NorthDakota,495000,78,8108000,1.59,2020
1061,Ohio,16000,75,576000,3.5,2020
1062,Oregon,95000,29,1102000,2.4,2020
1063,Pennsylvania,19000,48,392000,4.12,2020
1064,SouthCarolina,16000,46,66000,3.44,2020
1065,SouthDakota,245000,61,8668000,1.77,2020
1066,Tennessee,7000,51,54000,4.23,2020
1067,Texas,157000,57,1253000,2.0,2020
1068,Utah,28000,34,171000,2.02,2020
1069,Vermont,6000,47,96000,3.94,2020
1070,Virginia,5000,40,54000,6.03,2020
1071,Washington,98000,37,798000,2.51,2020
1072,WestVirginia,6000,46,58000,3.81,2020
1073,Wisconsin,45000,50,855000,3.11,2020
1074,Wyoming,38000,40,608000,1.71,2020
1075,Alabama,8000,40,112000,5.99,2021
1076,Arizona,26000,40,368000,2.34,2021
1077,Arkansas,17000,50,255000,2.07,2021
1078,California,290000,33,1627000,2.4,2021
1079,Colorado,29000,40,232000,2.78,2021
1080,Florida,193000,44,849000,2.42,2021
1081,Georgia,96000,34,261000,2.73,2021
1082,Hawaii,15000,93,56000,2.21,2021
1083,Idaho,100000,30,270000,2.37,2021
1084,Illinois,10000,46,115000,5.83,2021
1085,Indiana,10000,52,177000,3.89,2021
1086,Iowa,38000,55,502000,2.46,2021
1087,Kansas,7000,42,144000,2.74,2021
1088,Kentucky,7000,37,73000,4.6,2021
1089,Louisiana,37000,58,205000,2.5,2021
1090,Maine,11000,34,60000,3.18,2021
1091,Michigan,101000,51,1957000,2.97,2021
1092,Minnesota,125000,57,285000,2.32,2021
1093,Mississippi,25000,71,71000,2.77,2021
1094,Missouri,8000,35,92000,3.99,2021
1095,Montana,117000,57,1934000,2.17,2021
1096,Nebraska,39000,47,550000,2.17,2021
1097,NewJersey,15000,35,158000,3.27,2021
1098,NewYork,57000,53,665000,4.15,2021
1099,NorthCarolina,13000,39,104000,6.84,2021
1100,NorthDakota,515000,55,2266000,2.19,2021
1101,Ohio,16000,64,389000,3.7,2021
1102,Oregon,86000,31,693000,2.14,2021
1103,Pennsylvania,20000,42,336000,3.4,2021
1104,SouthCarolina,16000,42,67000,5.32,2021
1105,SouthDakota,250000,49,5268000,2.27,2021
1106,Tennessee,8000,56,81000,5.0,2021
1107,Texas,137000,56,384000,2.3,2021
1108,Utah,31000,33,92000,2.18,2021
1109,Vermont,7000,47,76000,3.28,2021
1110,Virginia,6000,40,79000,8.23,2021
1111,Washington,96000,32,1206000,2.52,2021
1112,WestVirginia,6000,43,136000,4.8,2021
1113,Wisconsin,42000,47,750000,2.81,2021
1114,Wyoming,38000,58,242000,2.07,2021
